client_id,num_samples,cat,dog,cat_fraction,dog_fraction
client_00,2491,1224,1267,0.491369,0.508631
client_01,1442,13,1429,0.009015,0.990985
client_02,459,358,101,0.779956,0.220044
client_03,249,15,234,0.060241,0.939759
client_04,6276,4304,1972,0.685787,0.314213
client_05,967,332,635,0.34333,0.65667
client_06,29,16,13,0.551724,0.448276
client_07,2547,1142,1405,0.448371,0.551629
client_08,3320,531,2789,0.15994,0.84006
client_09,2218,2064,154,0.930568,0.069432
